{
    "2048": {
        "batch_size": 2048,
        "is_testing_done": true,
        "final_testing_data_accuracy": 11.35,
        "final_validation_data_accuracy": 10.639999999999999,
        "testing_data_accuracy_list": [
            8.92,
            8.92,
            11.35,
            11.35,
            11.35,
            11.35,
            11.35,
            11.35,
            11.35,
            11.35,
            11.35,
            11.35,
            11.35,
            11.35,
            11.35,
            11.35,
            11.35,
            11.35,
            11.35,
            11.35,
            11.35,
            11.35,
            11.35,
            11.35,
            11.35,
            11.35,
            11.35,
            11.35,
            11.35,
            11.35
        ],
        "validation_data_accuracy_list": [
            9.15,
            9.15,
            10.639999999999999,
            10.639999999999999,
            10.639999999999999,
            10.639999999999999,
            10.639999999999999,
            10.639999999999999,
            10.639999999999999,
            10.639999999999999,
            10.639999999999999,
            10.639999999999999,
            10.639999999999999,
            10.639999999999999,
            10.639999999999999,
            10.639999999999999,
            10.639999999999999,
            10.639999999999999,
            10.639999999999999,
            10.639999999999999,
            10.639999999999999,
            10.639999999999999,
            10.639999999999999,
            10.639999999999999,
            10.639999999999999,
            10.639999999999999,
            10.639999999999999,
            10.639999999999999,
            10.639999999999999,
            10.639999999999999
        ],
        "total_time_training": 184.82966876029968
    }
}