{
    "2048": {
        "batch_size": 2048,
        "is_testing_done": true,
        "final_testing_data_accuracy": 10.280000000000001,
        "final_validation_data_accuracy": 10.9,
        "testing_data_accuracy_list": [
            10.280000000000001,
            10.280000000000001,
            10.280000000000001,
            10.280000000000001,
            10.280000000000001,
            10.280000000000001,
            10.280000000000001,
            10.280000000000001,
            10.280000000000001,
            10.280000000000001,
            10.280000000000001,
            10.280000000000001,
            10.280000000000001,
            10.280000000000001,
            10.280000000000001,
            10.280000000000001,
            10.280000000000001,
            10.280000000000001,
            10.280000000000001,
            10.280000000000001,
            10.280000000000001,
            10.280000000000001,
            10.280000000000001,
            10.280000000000001,
            10.280000000000001,
            10.280000000000001,
            10.280000000000001,
            10.280000000000001,
            10.280000000000001,
            10.280000000000001
        ],
        "validation_data_accuracy_list": [
            10.9,
            10.9,
            10.9,
            10.9,
            10.9,
            10.9,
            10.9,
            10.9,
            10.9,
            10.9,
            10.9,
            10.9,
            10.9,
            10.9,
            10.9,
            10.9,
            10.9,
            10.9,
            10.9,
            10.9,
            10.9,
            10.9,
            10.9,
            10.9,
            10.9,
            10.9,
            10.9,
            10.9,
            10.9,
            10.9
        ],
        "total_time_training": 173.91719126701355
    }
}