{
    "SGD": {
        "method-name": "SGD",
        "eta": 1.0,
        "beta1": null,
        "beta2": null,
        "eps": null,
        "is_testing_done": true,
        "final_testing_data_accuracy": 94.32000000000001,
        "final_validation_data_accuracy": 95.94,
        "testing_data_accuracy_list": [
            84.1,
            92.23,
            92.21000000000001,
            92.89,
            93.07,
            93.97999999999999,
            93.76,
            94.01,
            93.93,
            93.89,
            93.97999999999999,
            94.11,
            94.17,
            94.52000000000001,
            94.3,
            94.84,
            94.22,
            94.85,
            94.63000000000001,
            94.78,
            94.94,
            95.02000000000001,
            94.86,
            94.67999999999999,
            95.12,
            95.17,
            95.02000000000001,
            94.57,
            94.6,
            94.32000000000001
        ],
        "validation_data_accuracy_list": [
            84.41,
            92.99,
            92.69,
            94.05,
            94.31,
            94.89999999999999,
            94.86,
            95.06,
            95.27,
            94.82000000000001,
            95.33,
            95.46,
            95.95,
            95.86,
            95.34,
            95.89999999999999,
            95.74000000000001,
            96.22,
            95.77,
            96.17,
            96.26,
            96.36,
            96.22,
            96.08,
            96.13000000000001,
            96.22,
            96.31,
            96.15,
            96.27,
            95.94
        ],
        "total_time_training": 187.57070064544678
    },
    "SGDM": {
        "method-name": "SGDM",
        "eta": 2.0,
        "beta1": 0.7,
        "beta2": null,
        "eps": null,
        "is_testing_done": true,
        "final_testing_data_accuracy": 89.2,
        "final_validation_data_accuracy": 90.32,
        "testing_data_accuracy_list": [
            56.84,
            57.599999999999994,
            59.760000000000005,
            61.63999999999999,
            61.11,
            61.33,
            60.24,
            65.13,
            71.69,
            69.28,
            70.27,
            73.38,
            79.99000000000001,
            82.72,
            82.07,
            83.64,
            85.1,
            85.53,
            85.87,
            85.49,
            85.22,
            86.39,
            86.64,
            86.33999999999999,
            87.99,
            87.75,
            89.31,
            87.24,
            89.05,
            89.2
        ],
        "validation_data_accuracy_list": [
            56.71000000000001,
            57.07,
            59.91,
            61.11,
            60.870000000000005,
            61.28,
            60.760000000000005,
            65.51,
            71.89999999999999,
            69.69999999999999,
            71.15,
            73.72999999999999,
            80.91000000000001,
            83.66,
            83.07,
            84.35000000000001,
            86.00999999999999,
            86.82,
            86.72999999999999,
            86.13,
            86.3,
            87.82,
            87.83999999999999,
            87.59,
            89.52,
            88.63,
            89.75999999999999,
            88.09,
            90.47,
            90.32
        ],
        "total_time_training": 194.2063364982605
    },
    "NAG": {
        "method-name": "NAG",
        "eta": 2.0,
        "beta1": 0.7,
        "beta2": null,
        "eps": null,
        "is_testing_done": true,
        "final_testing_data_accuracy": 78.56,
        "final_validation_data_accuracy": 79.71000000000001,
        "testing_data_accuracy_list": [
            69.76,
            71.8,
            73.57000000000001,
            76.57000000000001,
            75.05,
            75.48,
            74.51,
            76.6,
            77.57,
            78.34,
            77.92999999999999,
            76.83,
            78.27,
            79.4,
            81.06,
            78.5,
            81.16,
            80.01,
            79.17,
            82.33,
            81.39999999999999,
            82.88,
            78.97,
            82.21000000000001,
            81.56,
            80.64,
            79.59,
            80.77,
            79.86,
            78.56
        ],
        "validation_data_accuracy_list": [
            70.45,
            71.96000000000001,
            74.89,
            77.72,
            75.63,
            76.52,
            75.22,
            77.11,
            77.88000000000001,
            79.10000000000001,
            78.75999999999999,
            77.64999999999999,
            78.88,
            80.02,
            81.46,
            79.99000000000001,
            82.27,
            81.92,
            80.60000000000001,
            83.59,
            82.98,
            83.3,
            80.31,
            83.2,
            82.85,
            82.22,
            80.75,
            80.46,
            80.58,
            79.71000000000001
        ],
        "total_time_training": 197.32608294487
    },
    "AdaGrad": {
        "method-name": "AdaGrad",
        "eta": 10.0,
        "beta1": null,
        "beta2": null,
        "eps": 0.0001,
        "is_testing_done": true,
        "final_testing_data_accuracy": 10.299999999999999,
        "final_validation_data_accuracy": 10.34,
        "testing_data_accuracy_list": [
            10.299999999999999,
            10.299999999999999,
            10.299999999999999,
            10.299999999999999,
            10.299999999999999,
            10.299999999999999,
            10.299999999999999,
            10.299999999999999,
            10.299999999999999,
            10.299999999999999,
            10.299999999999999,
            10.299999999999999,
            10.299999999999999,
            10.299999999999999,
            10.299999999999999,
            10.299999999999999,
            10.299999999999999,
            10.299999999999999,
            10.299999999999999,
            10.299999999999999,
            10.299999999999999,
            10.299999999999999,
            10.299999999999999,
            10.299999999999999,
            10.299999999999999,
            10.299999999999999,
            10.299999999999999,
            10.299999999999999,
            10.299999999999999,
            10.299999999999999
        ],
        "validation_data_accuracy_list": [
            10.34,
            10.34,
            10.34,
            10.34,
            10.34,
            10.34,
            10.34,
            10.34,
            10.34,
            10.34,
            10.34,
            10.34,
            10.34,
            10.34,
            10.34,
            10.34,
            10.34,
            10.34,
            10.34,
            10.34,
            10.34,
            10.34,
            10.34,
            10.34,
            10.34,
            10.34,
            10.34,
            10.34,
            10.34,
            10.34
        ],
        "total_time_training": 217.71959972381592
    },
    "Adam": {
        "method-name": "Adam",
        "eta": 5.0,
        "beta1": 0.7,
        "beta2": 0.9,
        "eps": 0.1,
        "is_testing_done": true,
        "final_testing_data_accuracy": 20.02,
        "final_validation_data_accuracy": 19.0,