{
    "1": {
        "batch_size": 1,
        "is_testing_done": true,
        "final_testing_data_accuracy": 95.61,
        "final_validation_data_accuracy": 97.43,
        "testing_data_accuracy_list": [
            91.53999999999999,
            92.94,
            93.76,
            94.19999999999999,
            94.17,
            94.52000000000001,
            94.39,
            94.67,
            95.08,
            94.78,
            94.66,
            95.03,
            95.23,
            95.08,
            95.12,
            95.00999999999999,
            95.17999999999999,
            95.38,
            95.38,
            95.21,
            95.25,
            95.41,
            95.52000000000001,
            95.45,
            95.49,
            95.59,
            95.61,
            95.42,
            95.34,
            95.61
        ],
        "validation_data_accuracy_list": [
            92.39,
            93.91000000000001,
            94.89,
            95.1,
            95.3,
            95.85000000000001,
            95.95,
            96.0,
            96.22,
            96.04,
            96.25,
            96.55,
            96.84,
            96.77,
            96.83,
            96.74000000000001,
            96.99,
            96.93,
            97.06,
            96.82,
            97.11,
            97.3,
            97.14,
            97.24000000000001,
            97.34,
            97.31,
            97.39,
            97.26,
            97.28,
            97.43
        ],
        "total_time_training": 232.0093219280243
    },
    "2": {
        "batch_size": 2,
        "is_testing_done": true,
        "final_testing_data_accuracy": 95.28,
        "final_validation_data_accuracy": 97.3,
        "testing_data_accuracy_list": [
            90.81,
            92.27,
            92.7,
            93.47999999999999,
            94.15,
            94.02000000000001,
            94.34,
            94.48,
            94.52000000000001,
            94.63000000000001,
            94.66,
            94.88,
            95.12,
            95.00999999999999,
            95.04,
            95.12,
            94.94,
            95.19,
            95.27,
            95.04,
            95.34,
            95.28999999999999,
            95.19,
            95.21,
            95.32000000000001,
            95.23,
            95.39999999999999,
            95.00999999999999,
            95.30999999999999,
            95.28
        ],
        "validation_data_accuracy_list": [
            91.16,
            92.97999999999999,
            93.87,
            94.49,
            95.14,
            95.76,
            95.98,
            95.85000000000001,
            96.26,
            96.39999999999999,
            96.34,
            96.63000000000001,
            96.55,
            96.56,
            96.84,
            96.75,
            96.98,
            97.14,
            97.35000000000001,
            96.89999999999999,
            97.17,
            97.11,
            97.11,
            97.3,
            97.35000000000001,
            97.27,
            97.16,
            97.07000000000001,
            97.35000000000001,
            97.3
        ],
        "total_time_training": 226.95705699920654
    },
    "4": {
        "batch_size": 4,
        "is_testing_done": true,
        "final_testing_data_accuracy": 95.19,
        "final_validation_data_accuracy": 97.50999999999999,
        "testing_data_accuracy_list": [
            91.47999999999999,
            93.0,
            93.44,
            93.85,
            94.02000000000001,
            94.5,
            94.19,
            94.64,
            94.61,
            94.42,
            94.24,
            94.78999999999999,
            94.76,
            94.71000000000001,
            94.87,
            94.67,
            94.94,
            95.35,
            95.09,
            95.19999999999999,
            95.16,
            95.12,
            95.26,
            94.91000000000001,
            94.99,
            95.28999999999999,
            95.03,
            95.11,
            94.98,
            95.19
        ],
        "validation_data_accuracy_list": [
            92.21000000000001,
            94.04,
            94.56,
            95.14,
            95.25,
            95.89,
            95.7,
            96.12,
            96.36,
            96.28,
            96.02000000000001,
            96.38,
            96.34,
            96.53,
            96.86,
            96.89999999999999,
            96.83,
            97.1,
            97.1,
            97.11,
            97.0,
            97.15,
            97.24000000000001,
            97.28,
            96.99,
            97.26,
            97.22,
            97.64,
            97.36,
            97.50999999999999
        ],
        "total_time_training": 207.4241542816162
    },
    "8": {
        "batch_size": 8,
        "is_testing_done": true,
        "final_testing_data_accuracy": 95.28,
        "final_validation_data_accuracy": 97.54,
        "testing_data_accuracy_list": [
            91.63,
            92.75,
            93.53,
            93.43,
            94.06,
            94.33,
            94.5,
            94.76,
            95.0,
            94.67,
            95.0,
            94.73,
            94.78999999999999,
            94.98,
            95.0,
            95.1,
            95.15,
            95.00999999999999,
            95.19999999999999,
            94.99,
            95.12,
            95.15,
            95.19999999999999,
            95.28,
            95.21,
            95.21,
            94.92,
            95.15,
            95.15,
            95.28
        ],
        "validation_data_accuracy_list": [
            92.10000000000001,
            93.65,
            94.52000000000001,
            94.67,
            95.42,
            95.52000000000001,
            95.75,
            95.95,
            96.39999999999999,
            96.21,
            96.39999999999999,
            96.56,
            96.67999999999999,
            96.85000000000001,
            96.81,
            96.87,
            97.03,
            96.89999999999999,
            97.08,
            96.95,
            96.82,
            97.25,
            97.2,
            97.28999999999999,
            97.31,
            97.28,
            97.33000000000001,
            97.35000000000001,
            97.3,
            97.54
        ],
        "total_time_training": 196.01768827438354
    },
    "16": {
        "batch_size": 16,
        "is_testing_done": true,
        "final_testing_data_accuracy": 95.34,
        "final_validation_data_accuracy": 97.63,
        "testing_data_accuracy_list": [
            90.7,
            92.35,
            93.31,
            93.76,
            93.84,
            94.1,
            94.37,
            94.6,
            94.71000000000001,
            94.76,
            94.84,
            94.76,
            94.87,
            95.13000000000001,
            94.94,
            94.91000000000001,
            95.22,
            95.16,
            94.88,
            95.26,
            95.16,
            95.12,
            95.35,
            95.07,
            95.3,
            95.21,
            95.22,
            95.19,
            95.21,
            95.34
        ],
        "validation_data_accuracy_list": [
            91.91,
            93.85,
            94.78,
            95.39999999999999,
            95.64,
            95.67999999999999,
            96.09,
            96.11,
            96.57,
            96.49,
            96.72,
            96.75,
            96.76,
            97.02,
            96.82,
            96.89,
            97.14,
            97.06,
            96.78,
            97.2,
            97.03,
            97.16,
            97.28,
            97.25,
            97.35000000000001,
            97.3,
            97.39,
            97.58,
            97.45,
            97.63
        ],