{
    "1": {
        "batch_size": 1,
        "is_testing_done": true,
        "final_testing_data_accuracy": 95.03,
        "final_validation_data_accuracy": 97.54,
        "testing_data_accuracy_list": [
            91.10000000000001,
            92.55,
            92.85,
            93.23,
            93.7,
            93.85,
            93.83,
            94.23,
            94.42,
            94.17,
            94.35,
            94.44,
            94.74000000000001,
            94.08999999999999,
            94.56,
            94.64,
            94.67999999999999,
            94.76,
            94.65,
            94.75,
            94.85,
            94.69,
            94.92,
            94.89,
            94.73,
            94.6,
            94.98,
            95.0,
            94.91000000000001,
            95.03
        ],
        "validation_data_accuracy_list": [
            92.46,
            93.58999999999999,
            94.46,
            94.77,
            95.19999999999999,
            95.53,
            95.83,
            96.23,
            96.25,
            96.21,
            96.39,
            96.3,
            96.89999999999999,
            96.32,
            97.0,
            96.61999999999999,
            96.93,
            97.0,
            97.11999999999999,
            96.92,
            97.14,
            96.97,
            97.2,
            97.53,
            97.2,
            97.28,
            97.54,
            97.57000000000001,
            97.53,
            97.54
        ],
        "total_time_training": 273.560085773468
    },
    "2": {
        "batch_size": 2,
        "is_testing_done": true,
        "final_testing_data_accuracy": 94.71000000000001,
        "final_validation_data_accuracy": 97.32,
        "testing_data_accuracy_list": [
            82.53,
            91.79,
            93.10000000000001,
            93.46,
            93.63,
            93.57,
            94.13,
            94.28,
            94.42,
            94.32000000000001,
            94.51,
            94.52000000000001,
            94.53,
            94.45,
            94.57,
            94.56,
            94.51,
            94.6,
            94.55,
            94.49,
            94.74000000000001,
            94.66,
            94.53,
            94.56,
            94.77,
            94.86,
            94.8,
            94.8,
            94.82000000000001,
            94.71000000000001
        ],
        "validation_data_accuracy_list": [
            84.1,
            93.08,
            94.58,
            94.69999999999999,
            95.30999999999999,
            95.47,
            95.83,
            96.02000000000001,
            96.19,
            96.45,
            96.50999999999999,
            96.72,
            96.63000000000001,
            96.67999999999999,
            96.73,
            96.67999999999999,
            96.78999999999999,
            96.89999999999999,
            96.8,
            96.91,
            97.09,
            97.0,
            96.6,
            97.16,
            96.89999999999999,
            97.28999999999999,
            97.1,
            97.43,
            97.36,
            97.32
        ],
        "total_time_training": 228.15896105766296
    },
    "4": {
        "batch_size": 4,
        "is_testing_done": true,
        "final_testing_data_accuracy": 94.89,
        "final_validation_data_accuracy": 97.21,
        "testing_data_accuracy_list": [
            91.14999999999999,
            91.9,
            92.86999999999999,
            93.57,
            93.62,
            94.03,
            94.08,
            94.23,
            94.31,
            94.37,
            93.8,
            94.6,
            94.3,
            94.51,
            94.46,
            94.57,
            94.61,
            94.65,
            94.52000000000001,
            94.3,
            94.47,
            94.59,
            95.03,
            94.58,
            94.69999999999999,
            94.49,
            94.59,
            94.64,
            94.62,
            94.89
        ],
        "validation_data_accuracy_list": [
            92.35,
            93.43,
            94.62,
            95.32000000000001,
            95.23,
            95.56,
            95.98,
            95.88,
            96.12,
            96.22,
            95.87,
            96.43,
            96.46000000000001,
            96.44,
            96.57,
            96.77,
            96.77,
            96.65,
            96.81,
            96.86,
            96.92,
            96.86,
            97.13000000000001,
            96.86,
            97.25,
            97.06,
            97.14,
            97.16,
            97.25,
            97.21
        ],
        "total_time_training": 206.37196516990662
    },
    "8": {
        "batch_size": 8,
        "is_testing_done": true,
        "final_testing_data_accuracy": 95.46,
        "final_validation_data_accuracy": 97.61,
        "testing_data_accuracy_list": [
            90.38000000000001,
            91.85,
            92.75999999999999,
            93.12,
            93.63,
            93.73,
            94.05,
            93.96,
            94.34,
            94.39,
            94.22,
            94.67,
            94.82000000000001,
            94.45,
            94.93,
            94.78999999999999,
            94.89,
            94.97,
            94.98,
            95.06,
            95.12,
            95.03,
            95.19999999999999,
            95.02000000000001,
            94.52000000000001,
            94.8,
            95.28999999999999,
            95.09,
            95.1,
            95.46
        ],
        "validation_data_accuracy_list": [
            91.89,
            93.25,
            94.37,
            94.81,
            95.22,
            95.39999999999999,
            95.6,
            95.7,
            96.33,
            96.12,
            96.09,
            96.52,
            96.64,
            96.39999999999999,
            96.86,
            96.84,
            96.94,
            96.83,
            96.91,
            97.18,
            97.19,
            96.94,
            97.16,
            97.11,
            96.82,
            97.07000000000001,
            97.37,
            97.6,
            97.15,
            97.61
        ],
        "total_time_training": 194.6855046749115
    },
    "16": {
        "batch_size": 16,
        "is_testing_done": true,
        "final_testing_data_accuracy": 94.69,
        "final_validation_data_accuracy": 97.41,
        "testing_data_accuracy_list": [
            82.8,
            83.74000000000001,
            84.5,
            92.28,
            93.49,
            93.83,
            93.51,
            94.21000000000001,
            94.27,
            94.5,
            94.3,
            94.64,
            94.72,
            94.69999999999999,
            94.78,
            94.74000000000001,
            94.55,
            94.83,
            94.86,
            94.67,
            95.09,
            94.48,
            94.95,
            94.94,
            95.12,
            94.65,
            94.93,
            94.54,
            94.8,
            94.69
        ],
        "validation_data_accuracy_list": [
            84.23,
            85.49,
            85.91,
            93.72,
            95.15,
            95.19,
            95.63000000000001,
            95.89999999999999,
            95.87,
            96.22,
            96.15,
            96.5,
            96.64,
            96.74000000000001,
            96.39999999999999,
            96.75,
            96.8,
            96.78,
            96.8,
            96.74000000000001,
            97.11,
            96.87,
            97.11,
            97.18,
            97.24000000000001,
            96.95,
            97.14,
            97.05,
            97.23,
            97.41
        ],
        "total_time_training": 190.57732605934143
    },