{
    "1": {
        "batch_size": 1,
        "is_testing_done": true,
        "final_testing_data_accuracy": 94.89,
        "final_validation_data_accuracy": 97.33000000000001,
        "testing_data_accuracy_list": [
            81.93,
            83.31,
            83.86,
            93.83,
            93.7,
            93.63,
            94.04,
            94.31,
            94.33,
            94.28999999999999,
            94.71000000000001,
            94.47,
            94.6,
            94.45,
            94.67,
            94.56,
            94.48,
            94.85,
            94.96,
            94.83,
            94.8,
            95.15,
            94.64,
            95.12,
            94.97,
            95.07,
            95.17999999999999,
            95.0,
            94.91000000000001,
            94.89
        ],
        "validation_data_accuracy_list": [
            82.58,
            84.23,
            84.84,
            95.19,
            95.19999999999999,
            95.36,
            96.00999999999999,
            96.02000000000001,
            96.07,
            96.27,
            96.41,
            96.41999999999999,
            96.5,
            96.15,
            96.69,
            96.67,
            96.81,
            96.99,
            97.13000000000001,
            96.95,
            97.05,
            97.32,
            97.02,
            97.21,
            97.25,
            97.18,
            97.47,
            97.45,
            97.48,
            97.33000000000001
        ],
        "total_time_training": 256.06411838531494
    },
    "2": {
        "batch_size": 2,
        "is_testing_done": true,
        "final_testing_data_accuracy": 86.04,
        "final_validation_data_accuracy": 87.94999999999999,
        "testing_data_accuracy_list": [
            75.44,
            82.78999999999999,
            83.67,
            84.24000000000001,
            84.67,
            85.02,
            84.46000000000001,
            85.08,
            85.57000000000001,
            85.2,
            85.54,
            85.75,
            85.85000000000001,
            85.72999999999999,
            85.69,
            85.94000000000001,
            85.8,
            85.5,
            85.94000000000001,
            85.94000000000001,
            85.78,
            85.72999999999999,
            85.83,
            85.94000000000001,
            85.94000000000001,
            85.71,
            86.00999999999999,
            85.98,
            85.89,
            86.04
        ],
        "validation_data_accuracy_list": [
            75.52,
            84.17999999999999,
            84.95,
            85.56,
            86.05000000000001,
            86.09,
            85.92,
            86.37,
            86.69,
            86.6,
            86.81,
            86.87,
            86.81,
            87.17,
            87.26,
            87.26,
            87.46000000000001,
            87.13,
            87.48,
            87.5,
            87.52,
            87.66000000000001,
            87.77000000000001,
            87.62,
            87.46000000000001,
            87.66000000000001,
            87.67,
            87.77000000000001,
            87.74,
            87.94999999999999
        ],
        "total_time_training": 228.2072775363922
    },
    "4": {
        "batch_size": 4,
        "is_testing_done": true,
        "final_testing_data_accuracy": 94.87,
        "final_validation_data_accuracy": 97.27,
        "testing_data_accuracy_list": [
            81.94,
            92.74,
            93.08,
            93.7,
            94.05,
            94.08,
            93.96,
            94.46,
            94.61,
            94.36,
            94.48,
            94.37,
            94.36,
            94.78,
            94.47,
            94.82000000000001,
            94.67,
            94.42,
            94.26,
            94.67,
            94.82000000000001,
            94.89,
            94.95,
            94.74000000000001,
            94.71000000000001,
            94.69,
            94.67999999999999,
            94.92,
            95.1,
            94.87
        ],
        "validation_data_accuracy_list": [
            82.72,
            93.53,
            94.08999999999999,
            95.04,
            95.46,
            95.43,
            95.49,
            96.05,
            95.94,
            95.89999999999999,
            96.17,
            96.1,
            95.93,
            96.49,
            96.67,
            96.73,
            96.61,
            96.56,
            96.73,
            96.82,
            97.08,
            97.0,
            97.00999999999999,
            97.16,
            97.03,
            97.13000000000001,
            97.07000000000001,
            97.38,
            97.33000000000001,
            97.27
        ],
        "total_time_training": 206.20793652534485
    },
    "8": {
        "batch_size": 8,
        "is_testing_done": true,
        "final_testing_data_accuracy": 95.08,
        "final_validation_data_accuracy": 97.46000000000001,
        "testing_data_accuracy_list": [
            82.17999999999999,
            83.57,
            83.81,
            84.38,
            84.58,
            84.61,
            85.08,
            84.8,
            85.36,
            85.19,
            85.39999999999999,
            85.6,
            85.6,
            85.45,
            85.56,
            85.67,
            85.63,
            85.74000000000001,
            85.72,
            85.77,
            85.95,
            87.07000000000001,
            94.82000000000001,
            94.86,
            94.84,
            94.95,
            94.92,
            94.84,
            94.82000000000001,
            95.08
        ],
        "validation_data_accuracy_list": [
            82.69,
            84.44,
            84.92,
            85.57000000000001,
            85.78,
            86.00999999999999,
            86.61999999999999,
            86.42,
            86.83,
            86.83999999999999,
            86.79,
            87.15,
            87.24,
            87.11,
            87.33999999999999,
            87.32,
            87.49,
            87.67,
            87.42999999999999,
            87.77000000000001,
            87.72999999999999,
            89.11,
            97.19,
            97.16,
            97.22,
            97.47,
            97.46000000000001,
            97.41,
            97.42,
            97.46000000000001
        ],
        "total_time_training": 195.29038858413696
    },
    "16": {
        "batch_size": 16,
        "is_testing_done": true,
        "final_testing_data_accuracy": 95.07,
        "final_validation_data_accuracy": 97.56,
        "testing_data_accuracy_list": [
            81.47,
            83.44,
            84.17,
            84.61,
            84.77,
            84.83000000000001,
            94.34,
            94.66,
            94.65,
            94.8,
            94.77,
            94.66,
            94.81,
            94.97,
            94.91000000000001,
            94.84,
            94.69999999999999,
            94.76,
            94.93,
            94.93,
            95.17,
            95.08,
            95.07,
            95.13000000000001,
            95.19,
            94.92,
            95.08,
            95.28999999999999,
            95.24000000000001,
            95.07
        ],