{
    "1": {
        "steps_times_stats": {
            "max": 0.04812264442443848,
            "min": 0.00018358230590820312,
            "average": 0.00036158177393115433
        },
        "validation_percentiles": [
            92.61,
            93.66,
            93.96
        ],
        "testing_percentiles": [
            91.27,
            92.69,
            93.33
        ],
        "total_number_of_steps": 165938
    },
    "5": {
        "steps_times_stats": {
            "max": 0.04986572265625,
            "min": 0.0008530616760253906,
            "average": 0.0011746298267958962
        },
        "validation_percentiles": [
            92.21000000000001,
            93.58999999999999,
            94.51,
            94.66,
            94.65
        ],
        "testing_percentiles": [
            91.16,
            92.43,
            92.9,
            93.19,
            93.55
        ],
        "total_number_of_steps": 51080
    },
    "10": {
        "steps_times_stats": {
            "max": 0.04455828666687012,
            "min": 0.0017092227935791016,
            "average": 0.001975315196033368
        },
        "validation_percentiles": [
            91.81,
            93.63,
            94.52000000000001,
            94.87,
            95.09,
            95.35
        ],
        "testing_percentiles": [
            91.08000000000001,
            92.36999999999999,
            93.2,
            93.5,
            93.81,
            93.73
        ],
        "total_number_of_steps": 30375
    },
    "15": {
        "steps_times_stats": {
            "max": 0.03239846229553223,
            "min": 0.0028727054595947266,
            "average": 0.003264280185561452
        },
        "validation_percentiles": [
            91.8,
            92.74,
            94.44,
            94.92,
            95.02000000000001
        ],
        "testing_percentiles": [
            90.69,
            91.36,
            93.22,
            93.44,
            93.56
        ],
        "total_number_of_steps": 18381
    },
    "30": {
        "steps_times_stats": {
            "max": 0.10269284248352051,
            "min": 0.005848884582519531,
            "average": 0.00752659530060649
        },
        "validation_percentiles": [
            92.11,
            93.47,
            94.53,
            94.93
        ],
        "testing_percentiles": [
            90.83,
            92.19000000000001,
            93.08999999999999,
            93.35
        ],
        "total_number_of_steps": 7972
    },
    "50": {
        "steps_times_stats": {
            "max": 0.12656569480895996,
            "min": 0.009865045547485352,
            "average": 0.013168068603907391
        },
        "validation_percentiles": [
            91.71000000000001,
            93.25,
            94.17999999999999,
            94.28999999999999
        ],
        "testing_percentiles": [
            90.25,
            91.86,
            92.81,
            92.9
        ],
        "total_number_of_steps": 4557
    },
    "100": {
        "steps_times_stats": {
            "max": 0.13460206985473633,
            "min": 0.019695758819580078,
            "average": 0.02295386025665003
        },
        "validation_percentiles": [
            55.61000000000001,
            65.11,
            65.52,
            66.2,
            66.41
        ],
        "testing_percentiles": [
            54.35,
            64.14,
            64.59,
            65.03999999999999,
            65.25
        ],
        "total_number_of_steps": 2616
    },
    "1000": {
        "steps_times_stats": {
            "max": 0.9733846187591553,
            "min": 0.20154333114624023,
            "average": 0.27714900377159296
        },
        "validation_percentiles": [
            10.639999999999999,
            10.639999999999999,
            10.639999999999999,
            10.639999999999999
        ],
        "testing_percentiles": [
            11.35,
            11.35,
            11.35,
            11.35
        ],
        "total_number_of_steps": 217
    },
    "20000": {
        "steps_times_stats": {
            "max": 4.978964567184448,
            "min": 4.545105695724487,
            "average": 4.83013052206773
        },
        "validation_percentiles": [
            10.299999999999999,
            10.299999999999999,
            10.299999999999999,
            10.299999999999999,
            10.299999999999999
        ],
        "testing_percentiles": [
            10.100000000000001,
            10.100000000000001,
            10.100000000000001,
            10.100000000000001,
            10.100000000000001
        ],
        "total_number_of_steps": 13
    },
    "60000": {
        "steps_times_stats": {
            "max": 14.499687671661377,
            "min": 13.611255407333374,
            "average": 14.155444383621216
        },
        "validation_percentiles": [
            10.299999999999999,
            10.299999999999999,
            10.299999999999999,
            10.299999999999999,
            10.299999999999999
        ],
        "testing_percentiles": [
            10.100000000000001,
            10.100000000000001,
            10.100000000000001,
            10.100000000000001,
            10.100000000000001
        ],
        "total_number_of_steps": 5
    }
}