{
    "1": {
        "steps_times_stats": {
            "max": 0.028438568115234375,
            "min": 0.0001819133758544922,
            "average": 0.0002380777634320928
        },
        "validation_percentiles": [
            84.14,
            84.71,
            84.64,
            88.78,
            86.98,
            86.92999999999999,
            87.06,
            88.58,
            88.69,
            88.78,
            85.42999999999999,
            88.56,
            90.11,
            90.49000000000001,
            89.41,
            89.36,
            89.0,
            89.16,
            90.59,
            90.18,
            90.35,
            88.7,
            89.67,
            90.72,
            89.44,
            89.4
        ],
        "testing_percentiles": [
            82.77,
            83.86,
            84.17,
            88.13,
            86.53,
            85.92,
            86.22999999999999,
            87.9,
            87.96000000000001,
            87.72999999999999,
            84.54,
            87.64,
            89.56,
            89.49000000000001,
            88.7,
            88.51,
            88.69,
            88.62,
            89.92999999999999,
            89.5,
            89.67,
            88.13,
            89.42,
            89.84,
            89.05999999999999,
            88.84
        ],
        "total_number_of_steps": 1512122
    },
    "5": {
        "steps_times_stats": {
            "max": 0.04316902160644531,
            "min": 0.0009648799896240234,
            "average": 0.0011087960968112981
        },
        "validation_percentiles": [
            63.349999999999994,
            75.26,
            75.62,
            80.03,
            75.36,
            75.19,
            80.81,
            81.49,
            83.13000000000001,
            82.45,
            85.6,
            82.1,
            86.81,
            86.07000000000001,
            86.4,
            83.37,
            88.66000000000001,
            85.79,
            84.52,
            85.8,
            84.81,
            86.39,
            85.47,
            86.72,
            88.58,
            87.6,
            86.96000000000001,
            87.45
        ],
        "testing_percentiles": [
            64.82,
            74.48,
            75.27000000000001,
            79.4,
            74.53,
            74.47,
            80.55,
            80.36,
            81.76,
            82.09,
            84.67,
            81.76,
            86.14,
            85.85000000000001,
            85.91,
            81.82000000000001,
            87.32,
            84.33,
            84.53,
            85.5,
            83.69,
            86.07000000000001,
            85.5,
            86.05000000000001,
            87.83,
            87.25,
            86.26,
            86.53999999999999
        ],
        "total_number_of_steps": 324677
    },
    "10": {
        "steps_times_stats": {
            "max": 0.04794883728027344,
            "min": 0.0018777847290039062,
            "average": 0.0021396770123032548
        },
        "validation_percentiles": [
            43.120000000000005,
            54.76,
            56.120000000000005,
            57.32000000000001,
            62.79,
            57.14,
            63.75999999999999,
            69.83,
            77.78,
            79.44,
            79.02,
            83.73,
            80.63,
            80.41,
            83.08,
            82.98,
            83.72,
            84.91,
            83.45,
            85.99,
            84.03,
            83.43,
            83.61,
            87.35000000000001,
            85.42,
            84.03,
            84.91,
            85.0,
            84.94
        ],
        "testing_percentiles": [
            43.68,
            54.47,
            56.03,
            57.78,
            62.93,
            56.8,
            63.23,
            69.06,
            77.24,
            78.95,
            78.16,
            83.47,
            79.92,
            79.75999999999999,
            82.0,
            82.53,
            82.84,
            83.85000000000001,
            82.98,
            84.92,
            82.55,
            82.52000000000001,
            82.97,
            86.68,
            84.03,
            83.27,
            84.43,
            83.97,
            84.16
        ],
        "total_number_of_steps": 168250
    },
    "15": {
        "steps_times_stats": {
            "max": 0.09522700309753418,
            "min": 0.002392292022705078,
            "average": 0.003169608681449151
        },
        "validation_percentiles": [
            13.100000000000001,
            22.09,
            16.86,
            29.099999999999998,
            27.48,
            27.85,
            27.29,
            27.439999999999998,
            27.66,
            29.720000000000002,
            32.42,
            35.15,
            34.69,
            33.7,
            35.58,
            36.97,
            35.76,
            37.980000000000004,
            38.65,
            35.97,
            38.71,
            39.83,
            32.56,
            33.23,
            32.56,
            31.290000000000003,
            32.28,
            34.14,
            33.7
        ],
        "testing_percentiles": [
            12.590000000000002,
            22.32,
            16.830000000000002,
            28.01,
            26.87,
            28.07,
            27.200000000000003,
            27.32,
            27.810000000000002,
            30.0,
            32.5,
            35.0,
            34.78,
            33.25,
            35.709999999999994,
            37.330000000000005,
            36.17,
            37.34,
            38.21,
            36.41,
            38.92,
            40.63,
            32.59,
            33.56,
            32.879999999999995,
            31.59,
            31.89,
            34.29,
            33.72
        ],
        "total_number_of_steps": 113579
    },
    "30": {
        "steps_times_stats": {
            "max": 0.03951454162597656,
            "min": 0.005699872970581055,
            "average": 0.006316466461496487
        },
        "validation_percentiles": [
            10.54,
            9.83,
            9.83,
            9.83,
            9.83,
            9.83,
            13.71,
            13.71,
            13.71,
            13.71,
            13.71,
            13.71,
            13.71,
            13.700000000000001,
            13.700000000000001,
            13.700000000000001,
            13.700000000000001,
            13.700000000000001,
            13.700000000000001,
            13.700000000000001,
            13.700000000000001,
            13.700000000000001,
            13.700000000000001,
            13.700000000000001,
            13.700000000000001,
            13.700000000000001,
            13.700000000000001,
            13.700000000000001,
            13.700000000000001
        ],
        "testing_percentiles": [
            11.0,
            9.82,
            9.82,
            9.82,
            9.82,
            9.82,
            13.84,
            13.84,
            13.84,
            13.84,
            13.84,
            13.84,
            13.84,
            13.84,
            13.84,
            13.84,
            13.84,
            13.83,
            13.83,
            13.83,
            13.83,
            13.83,
            13.83,
            13.83,
            13.83,
            13.83,
            13.83,
            13.83,
            13.83
        ],
        "total_number_of_steps": 56994
    },
    "50": {
        "steps_times_stats": {
            "max": 0.05517268180847168,
            "min": 0.009563684463500977,
            "average": 0.01045256118299266
        },