{"SGD": {"method-name": "SGD", "eta": 0.3, "beta1": null, "beta2": null, "eps": null, "is_testing_done": true, "final_testing_data_accuracy": 95.23, "final_validation_data_accuracy": 97.32, "testing_data_accuracy_list": [90.60000000000001, 92.56, 92.86999999999999, 93.58999999999999, 93.91000000000001, 94.12, 94.39999999999999, 94.52000000000001, 94.17, 94.56, 94.58, 94.57, 94.87, 94.86, 94.66, 94.34, 94.96, 94.94, 95.00999999999999, 95.09, 94.97, 95.28999999999999, 95.0, 95.21, 95.17999999999999, 95.00999999999999, 94.99, 95.08, 94.98, 95.23], "validation_data_accuracy_list": [91.72, 93.47999999999999, 94.14, 94.89, 95.55, 95.84, 95.78999999999999, 95.97, 96.13000000000001, 96.59, 96.27, 96.28, 96.56, 96.26, 96.55, 96.54, 96.69, 96.81, 97.06, 97.0, 97.11999999999999, 97.24000000000001, 96.95, 97.33000000000001, 97.39, 97.27, 97.52, 97.25, 97.26, 97.32], "total_time_training": 181.62651801109314}, "SGDM": {"method-name": "SGDM", "eta": 0.5, "beta1": 0.7, "beta2": null, "eps": null, "is_testing_done": true, "final_testing_data_accuracy": 95.57, "final_validation_data_accuracy": 97.17, "testing_data_accuracy_list": [83.73, 84.71, 91.8, 93.43, 93.97, 94.17999999999999, 94.61, 94.65, 94.27, 94.34, 94.64, 94.82000000000001, 94.83, 94.76, 95.27, 95.17, 95.28, 94.85, 95.17999999999999, 95.39, 95.07, 95.33, 95.17, 95.28, 95.35, 95.36, 95.37, 95.27, 95.59, 95.57], "validation_data_accuracy_list": [84.35000000000001, 85.37, 92.57, 94.87, 94.94, 95.53, 95.89999999999999, 96.08, 95.76, 95.82000000000001, 96.3, 96.66, 96.46000000000001, 96.19, 96.61999999999999, 96.82, 96.24000000000001, 96.53, 97.02, 96.81, 97.11, 97.22, 96.96000000000001, 97.13000000000001, 97.08, 97.23, 97.49, 97.22, 97.36, 97.17], "total_time_training": 192.5407121181488}, "NAG": {"method-name": "NAG", "eta": 0.5, "beta1": 0.7, "beta2": null, "eps": null, "is_testing_done": true, "final_testing_data_accuracy": 95.34, "final_validation_data_accuracy": 97.28999999999999, "testing_data_accuracy_list": [89.52, 92.22, 93.61, 93.5, 93.76, 94.41000000000001, 94.6, 94.5, 94.74000000000001, 94.61, 94.73, 94.69, 95.07, 95.03, 95.1, 95.17999999999999, 95.39999999999999, 95.27, 95.50999999999999, 95.22, 95.19, 95.39, 95.53, 95.39999999999999, 95.39, 95.17, 95.39999999999999, 95.17, 95.06, 95.34], "validation_data_accuracy_list": [90.55, 93.24, 94.84, 94.38, 95.19999999999999, 95.76, 95.86, 96.14, 96.21, 95.97, 96.58, 96.41999999999999, 96.54, 96.84, 96.77, 96.69, 96.74000000000001, 97.07000000000001, 97.00999999999999, 97.11999999999999, 96.94, 97.26, 97.33000000000001, 97.17, 97.2, 97.08, 97.31, 97.22, 97.08, 97.28999999999999], "total_time_training": 197.3493025302887}, "AdaGrad": {"method-name": "AdaGrad", "eta": 0.1, "beta1": null, "beta2": null, "eps": 0.1, "is_testing_done": true, "final_testing_data_accuracy": 94.67, "final_validation_data_accuracy": 96.87, "testing_data_accuracy_list": [92.22, 93.15, 93.56, 93.7, 94.01, 94.08, 94.16, 94.42, 94.25, 94.39999999999999, 94.33, 94.47, 94.42, 94.47, 94.55, 94.51, 94.52000000000001, 94.55, 94.54, 94.57, 94.61, 94.55, 94.63000000000001, 94.62, 94.59, 94.67, 94.6, 94.63000000000001, 94.66, 94.67], "validation_data_accuracy_list": [93.02, 94.36, 95.07, 95.3, 95.67, 95.86, 96.03, 96.0, 96.21, 96.28999999999999, 96.31, 96.38, 96.39, 96.43, 96.50999999999999, 96.54, 96.63000000000001, 96.67, 96.66, 96.67, 96.69, 96.73, 96.73, 96.74000000000001, 96.78, 96.75, 96.8, 96.78, 96.81, 96.87], "total_time_training": 195.61287784576416}, "Adam": {"method-name": "Adam", "eta": 1.0, "beta1": 0.7, "beta2": 0.9, "eps": 0.1, "is_testing_done": true, "final_testing_data_accuracy": 95.14, "final_validation_data_accuracy": 97.42, "testing_data_accuracy_list": [80.58999999999999, 92.12, 93.14, 93.22, 93.44, 93.30000000000001, 93.82000000000001, 93.89, 94.31, 94.45, 94.38, 94.64, 93.78999999999999, 94.67999999999999, 94.43, 94.21000000000001, 94.75, 94.5, 94.76, 94.85, 94.66, 94.92, 94.91000000000001, 94.74000000000001, 95.02000000000001, 94.75, 94.83, 94.95, 94.73, 95.14], "validation_data_accuracy_list": [82.33, 93.65, 94.58, 95.12, 95.17999999999999, 95.36, 95.43, 95.82000000000001, 96.05, 96.15, 96.56, 96.52, 95.93, 96.69, 96.54, 96.32, 96.73, 96.36, 96.94, 96.83, 96.8, 96.71, 97.06, 97.05, 97.11999999999999, 96.95, 96.98, 97.07000000000001, 97.00999999999999, 97.42], "total_time_training": 211.72263526916504}}